{"options":{"check_for_updates":true,"user_modified":null,"comment":null,"compatopts_for_requires":true,"compat_wrappedjsobject":false,"compat_metadata":false,"compat_foreach":false,"compat_powerful_this":null,"sandbox":"DOM","noframes":null,"unwrap":null,"run_at":null,"tab_types":null,"override":{"use_includes":[],"orig_includes":["*"],"merge_includes":true,"use_matches":[],"orig_matches":["*://*/*"],"merge_matches":true,"use_excludes":[],"orig_excludes":[],"merge_excludes":true,"use_connects":[],"orig_connects":["google.com","translate.googleapis.com","api-edge.cognitive.microsofttranslator.com","edge.microsoft.com","transmart.qq.com","translate.yandex.net","tmt.tencentcloudapi.com","www2.deepl.com","w.deepl.com","immersive-translate.owenyoung.com","generativelanguage.googleapis.com","chat.openai.com","bing.com","www.bing.com","open.volcengineapi.com","fanyi.baidu.com","api.fanyi.baidu.com","api.interpreter.caiyunai.com","api-free.deepl.com","api.deepl.com","api.openl.club","openapi.youdao.com","translate.volcengine.com","api.niutrans.com","immersivetranslate.com","test-api2.immersivetranslate.com","api2.immersivetranslate.com","config.immersivetranslate.com","app.immersivetranslate.com","dash.immersivetranslate.com","api.immersivetranslate.com","immersive-translate.deno.dev","www.googleapis.com","www.google-analytics.com","api.papago-chrome.com","api.openai.com","api.interpreter.caiyunai.com","api.cognitive.microsofttranslator.com","aidemo.youdao.com","openai.azure.com","mt.aliyuncs.com","subhub.weixin.so","api.anthropic.com","localhost","ai.immersivetranslate.com","test-ai.immersivetranslate.com"],"merge_connects":true,"use_blockers":[],"orig_run_at":"document-end","orig_noframes":null}},"settings":{"enabled":true,"position":6},"meta":{"name":"Immersive Translate - Translate Website & PDF","uuid":"71a19826-d538-43a4-9e5b-14bf1c44d0c0","modified":1716104696982,"file_url":"https://download.immersivetranslate.com/immersive-translate.user.js"}}