{"options":{"check_for_updates":false,"user_modified":null,"comment":null,"compatopts_for_requires":true,"compat_wrappedjsobject":false,"compat_metadata":false,"compat_foreach":false,"compat_powerful_this":null,"sandbox":null,"noframes":null,"unwrap":null,"run_at":null,"tab_types":null,"override":{"use_includes":[],"orig_includes":["*/play*","*play/*"],"merge_includes":true,"use_matches":[],"orig_matches":["https://*.qq.com/*","https://www.weiyun.com/video_*","https://v.youku.com/v_play/*","https://v.youku.com/v_show/id_*","https://vku.youku.com/live/*","https://video.tudou.com/v/*","https://www.iqiyi.com/*","https://live.bilibili.com/*","https://www.bilibili.com/*","https://www.ixigua.com/*","https://www.toutiao.com/video/*","https://www.acfun.cn/*","https://live.acfun.cn/live/*","http://v.pptv.com/show/*","https://v.pptv.com/show/*","https://www.miguvideo.com/*","https://tv.sohu.com/*","https://film.sohu.com/album/*","https://www.mgtv.com/*","https://pan.baidu.com/*","https://yun.baidu.com/*","https://*.163.com/*","https://*.icourse163.org/*","http://video.sina.*/*","https://video.sina.*/*","http://k.sina.*/*","https://k.sina.*/*","https://weibo.com/*","https://*.weibo.com/*","https://pan.baidu.com/*","https://yun.baidu.com/*","http://v.ifeng.com/*","https://v.ifeng.com/*","http://news.mtime.com/*","http://video.mtime.com/*","https://www.youtube.com/*","https://www.ted.com/talks/*","https://www.twitch.tv/*","https://www.yy.com/*","https://www.huya.com/*","https://v.douyu.com/*","https://www.douyu.com/*","https://live.douyin.com/*","https://www.douyin.com/*","https://www.longzhu.com/*","https://www.zhanqi.tv/*"],"merge_matches":true,"use_excludes":[],"orig_excludes":["https://user.qzone.qq.com/*"],"merge_excludes":true,"use_connects":[],"orig_connects":[],"merge_connects":true,"use_blockers":[],"orig_run_at":"document-start","orig_noframes":null}},"settings":{"enabled":false,"position":4},"meta":{"name":"HTML5视频播放工具","uuid":"6dc4892e-b54f-47c2-a5b5-335fcd60334e","modified":1710148434192,"file_url":"https://update.greasyfork.org/scripts/30545/HTML5%E8%A7%86%E9%A2%91%E6%92%AD%E6%94%BE%E5%B7%A5%E5%85%B7.user.js"}}