{"options":{"check_for_updates":true,"comment":null,"compatopts_for_requires":true,"compat_wrappedjsobject":false,"compat_metadata":false,"compat_foreach":false,"compat_powerful_this":null,"sandbox":null,"noframes":null,"unwrap":null,"run_at":null,"tab_types":null,"override":{"use_includes":[],"orig_includes":[],"merge_includes":true,"use_matches":[],"orig_matches":["https://www.zhihu.com/*","https://*.zhihu.com/*","https://blog.csdn.net/*","https://*.csdn.net/*","https://www.jianshu.com/*","https://*.jianshu.com/*","https://www.bilibili.com/*","https://*.bilibili.com/*","https://juejin.cn/*"],"merge_matches":true,"use_excludes":[],"orig_excludes":[],"merge_excludes":true,"use_connects":[],"orig_connects":[],"merge_connects":true,"use_blockers":[],"orig_run_at":"document-body","orig_noframes":null}},"settings":{"enabled":true,"position":5},"meta":{"name":"CSDN/知乎/哔哩哔哩/简书免登录去除弹窗广告 🛡","uuid":"f762664d-c38c-4e9b-8fbc-6f277d626428","modified":1711032109544,"file_url":"https://update.greasyfork.org/scripts/428960/CSDN%E7%9F%A5%E4%B9%8E%E5%93%94%E5%93%A9%E5%93%94%E5%93%A9%E7%AE%80%E4%B9%A6%E5%85%8D%E7%99%BB%E5%BD%95%E5%8E%BB%E9%99%A4%E5%BC%B9%E7%AA%97%E5%B9%BF%E5%91%8A%20%F0%9F%9B%A1.user.js"}}