{"options":{"check_for_updates":true,"comment":null,"compatopts_for_requires":true,"compat_wrappedjsobject":false,"compat_metadata":false,"compat_foreach":false,"compat_powerful_this":null,"sandbox":null,"noframes":null,"unwrap":null,"run_at":null,"tab_types":null,"override":{"use_includes":[],"orig_includes":[],"merge_includes":true,"use_matches":[],"orig_matches":["*://*/*"],"merge_matches":true,"use_excludes":[],"orig_excludes":[],"merge_excludes":true,"use_connects":[],"orig_connects":["wedata.net","githubusercontent.com","ghproxy.com","hoothin.github.io","*"],"merge_connects":true,"use_blockers":["koudaiacg.com","article"],"orig_run_at":"document-idle","orig_noframes":null}},"settings":{"enabled":true,"position":3},"meta":{"name":"Pagetual","uuid":"e690697f-36bc-41d7-9d63-22f0f1837ef4","modified":1710150643268,"file_url":"https://update.greasyfork.org/scripts/438684/Pagetual.user.js"}}